{
  "EURUSD": {
    "return_pct": 8.2,
    "max_dd_pct": 2.69,
    "sharpe": 2.71,
    "sortino": 2.24,
    "win_rate_pct": 76.3,
    "profit_factor": 1.86,
    "num_trades": 59,
    "consistent": true,
    "note": "with production overlays (time stop/vol filter/trailing stop)"
  },
  "AUDUSD": {
    "return_pct": -3.1040000000000845,
    "max_dd_pct": 7.720360024829328,
    "sharpe": -0.4665020963592159,
    "sortino": -0.32180838742254825,
    "win_rate_pct": 53.333333333333336,
    "profit_factor": 0.855345325752627,
    "num_trades": 60,
    "consistent": "False",
    "strategy": "Ensemble[ultimate_oscillator_reversion(w=1.20), vwap_reversion(w=1.10), mfi_reversion(w=0.68), ultimate_oscillator_reversion(w=1.14), ultimate_oscillator_reversion(w=0.41), threshold=0.29]",
    "note": "own best ensemble, no EURUSD-tuned overlays"
  },
  "GBPUSD": {
    "return_pct": -3.5459999999998826,
    "max_dd_pct": 8.710976837865024,
    "sharpe": -0.5283989829318816,
    "sortino": -0.23388280694581118,
    "win_rate_pct": 33.33333333333333,
    "profit_factor": 0.8019879383515797,
    "num_trades": 33,
    "consistent": "False",
    "strategy": "Ensemble[ultimate_oscillator_reversion(w=1.80), rsi_reversion(w=1.49), rsi_reversion(w=1.75), rsi_reversion(w=1.27), threshold=0.27]",
    "note": "own best ensemble, no EURUSD-tuned overlays"
  },
  "USDCAD": {
    "return_pct": -0.28399999999947356,
    "max_dd_pct": 5.571548518651486,
    "sharpe": -0.0695784079497732,
    "sortino": -0.05939401484183285,
    "win_rate_pct": 37.83783783783784,
    "profit_factor": 0.9773307790549571,
    "num_trades": 37,
    "consistent": "False",
    "strategy": "Ensemble[cci_reversion(w=0.84), supertrend(w=0.61), rsi_reversion(w=1.29), ultimate_oscillator_reversion(w=1.54), session_filtered(w=1.38), threshold=0.21]",
    "note": "own best ensemble, no EURUSD-tuned overlays"
  },
  "USDCHF": {
    "return_pct": -4.517999999999867,
    "max_dd_pct": 10.67862516364768,
    "sharpe": -0.5727010956688631,
    "sortino": -0.2786800223688916,
    "win_rate_pct": 37.704918032786885,
    "profit_factor": 0.8206715884734491,
    "num_trades": 61,
    "consistent": "False",
    "strategy": "Ensemble[donchian_breakout(w=0.87), volume_spike(w=0.70), rsi_reversion(w=1.57), rsi_reversion(w=0.83), ultimate_oscillator_reversion(w=1.90), threshold=0.22]",
    "note": "own best ensemble, no EURUSD-tuned overlays"
  },
  "USDJPY": {
    "return_pct": -6.956000000000106,
    "max_dd_pct": 16.035879942967686,
    "sharpe": -0.41888508173287403,
    "sortino": -0.3804506520126647,
    "win_rate_pct": 32.62032085561498,
    "profit_factor": 0.9291808352507598,
    "num_trades": 187,
    "consistent": "False",
    "strategy": "Ensemble[ma_crossover(w=0.68), ma_crossover(w=1.19), macd_trend(w=1.55), rsi_reversion(w=0.36), rsi_reversion(w=0.49), threshold=0.03]",
    "note": "own best ensemble, no EURUSD-tuned overlays"
  }
}